"id","s","pseudost"
1,0,1.01304416949461
2,0,1.01304416949461
3,0,0.996438643008105
4,0,1.01304416949461
5,0,1.00657152886731
6,0,0.969644500937648
7,0,0.974470732246914
8,0,1.01304416949461
9,0,0.972844794296293
10,0,1.01304416949461
11,0,1.01304416949461
12,0,1.01304416949461
13,0,0.934584102230019
14,0,0.92428071732752
15,0,1.01304416949461
16,0,1.01304416949461
17,0,1.01304416949461
18,0,1.01304416949461
19,0,0.906262798400348
20,0,1.01304416949461
21,0,1.01304416949461
22,0,1.01304416949461
23,0,0.97784528537818
24,0,1.01304416949461
25,0,-0.0108092572681926
26,0,-0.0345902443868908
27,0,1.01304416949461
28,0,-0.111259391257363
29,0,1.01304416949461
30,0,1.01304416949461
31,0,1.01304416949461
32,0,-0.0489578477605619
33,0,0.949929567316985
34,0,1.01304416949461
35,0,1.01304416949461
36,0,-0.176359289637276
37,0,1.01304416949461
38,0,1.01304416949461
39,0,-0.0526581821558239
40,0,1.01304416949461
41,0,1.01304416949461
42,0,1.01304416949461
43,0,1.01304416949461
44,0,0.923026640152898
45,0,0.934584102230019
46,0,1.01304416949461
47,0,0.933263170241617
48,0,1.01304416949461
49,0,0.949929567316985
50,0,1.01304416949461
51,0,1.01304416949461
52,0,0.952844652750287
53,0,0.969644500937648
54,0,1.01304416949461
55,0,1.01304416949461
56,0,0.976130413917303
57,0,1.01304416949461
58,0,1.01304416949461
59,0,-0.0551535561008905
60,0,1.01304416949461
61,0,1.01304416949461
62,0,1.01304416949461
63,0,0.908546175526681
64,0,1.01304416949461
65,0,1.01304416949461
66,0,1.01304416949461
67,0,1.01304416949461
68,0,1.01304416949461
69,0,-0.24411295408936
70,0,1.01304416949461
71,0,1.01304416949461
72,0,1.01304416949461
73,0,-0.210802641045234
74,0,0.957292831273094
75,0,-0.21841872794289
76,0,1.01304416949461
77,0,1.01304416949461
78,0,-0.0393116389793704
79,0,1.01304416949461
80,0,-0.22227531993849
81,0,0.996438643008105
82,0,1.01304416949461
83,0,1.01304416949461
84,0,1.01304416949461
85,0,1.01304416949461
86,0,1.01304416949461
87,0,1.01304416949461
88,0,0.996438643008105
89,0,1.01304416949461
90,0,1.01304416949461
91,0,1.01304416949461
92,0,1.01304416949461
93,0,-0.00427448918446771
94,0,0.981337587646976
95,0,0.949929567316985
96,0,1.01304416949461
97,0,1.01304416949461
98,0,1.01304416949461
99,0,1.01304416949461
100,0,1.01304416949461
101,0,1.01304416949461
102,0,-0.0980836883845768
103,0,1.01304416949461
104,0,1.01304416949461
105,0,1.01304416949461
106,0,1.01304416949461
107,0,0.918070680803567
108,0,1.01304416949461
109,0,1.01304416949461
110,0,1.01304416949461
111,0,1.01304416949461
112,0,1.01304416949461
113,0,1.01304416949461
114,0,1.01304416949461
115,0,1.01304416949461
116,0,1.01304416949461
117,0,1.01304416949461
118,0,-0.0966539402115814
119,0,1.01304416949461
120,0,0.906262798400348
121,0,1.01304416949461
122,0,1.01304416949461
123,0,0.996438643008105
124,0,1.01304416949461
125,0,1.01304416949461
126,0,1.01304416949461
127,0,1.01304416949461
128,0,1.01304416949461
129,0,0.969644500937648
130,0,1.01304416949461
131,0,1.01304416949461
132,0,1.01304416949461
133,0,1.01085257878174
134,0,0.974470732246914
135,0,1.01304416949461
136,0,1.01304416949461
137,0,1.01304416949461
138,0,1.01304416949461
139,0,1.01304416949461
140,0,1.01304416949461
141,0,0.91204937142777
142,0,1.00042726198888
143,0,0.938664150334944
144,0,1.01304416949461
145,0,1.01304416949461
146,0,1.01304416949461
147,0,1.01304416949461
148,0,1.01304416949461
149,0,0.905155237906001
150,0,1.01304416949461
151,0,-0.134456707770141
152,0,1.01304416949461
153,0,1.01304416949461
154,0,0.904058274438853
155,0,1.01304416949461
156,0,-0.236044622056511
157,0,1.01304416949461
158,0,1.01304416949461
159,0,0.908546175526681
160,0,1.01304416949461
161,0,1.01304416949461
162,0,1.01304416949461
163,0,0.990635067066478
164,0,0.945638329444932
165,0,1.01304416949461
166,0,1.01304416949461
167,0,1.01304416949461
168,0,-0.150793440298344
169,0,1.01304416949461
170,0,1.01304416949461
171,0,1.01304416949461
172,0,1.01304416949461
173,0,1.01304416949461
174,0,1.01304416949461
175,0,0.906262798400348
176,0,1.01304416949461
177,0,1.01304416949461
178,0,1.01304416949461
179,0,1.01304416949461
180,0,1.01304416949461
181,0,0.976130413917303
182,0,-0.0895941856264244
183,0,0.961858974915572
184,0,0.898710093785894
185,0,1.01304416949461
186,0,1.01304416949461
187,0,0.908546175526681
188,0,-0.126529468711965
189,0,1.01304416949461
190,0,0.934584102230019
191,0,0.928078613398952
192,0,0.969644500937648
193,0,1.01304416949461
194,0,1.01304416949461
195,0,0.934584102230019
196,0,1.01304416949461
197,0,0.945638329444932
198,0,1.01304416949461
199,0,1.01304416949461
200,0,-0.00319699039164334
201,0,0.934584102230019
202,0,1.01304416949461
203,0,0.983137777458069
204,0,1.01304416949461
205,0,1.01304416949461
206,0,-0.121865060230903
207,0,0.934584102230019
208,0,1.01304416949461
209,0,1.01304416949461
210,0,1.01304416949461
211,0,1.01304416949461
212,0,-0.0627986607628372
213,0,1.01304416949461
214,0,1.01304416949461
215,0,1.01304416949461
216,0,1.01304416949461
217,0,1.01304416949461
218,0,-0.134456707770141
219,0,1.01304416949461
220,0,1.01304416949461
221,0,1.01304416949461
222,0,1.01304416949461
223,0,1.00042726198888
224,0,1.01304416949461
225,0,1.01304416949461
226,0,1.01304416949461
227,0,-0.282185941793159
228,0,1.01304416949461
229,0,1.01304416949461
230,0,1.01304416949461
231,0,1.01304416949461
232,0,1.01304416949461
233,0,1.01304416949461
234,0,0.972844794296293
235,0,0.916851230750808
236,0,1.01304416949461
237,0,1.01304416949461
238,0,1.01304416949461
239,0,1.01304416949461
240,0,1.01304416949461
241,0,0.919296318989382
242,0,1.01304416949461
243,0,1.01304416949461
244,0,0.902979494434476
245,0,-0.0345902443868908
246,0,1.01304416949461
247,0,1.01304416949461
248,0,1.01304416949461
249,0,1.01304416949461
250,0,1.01304416949461
251,0,1.01304416949461
252,0,-0.140922701942827
253,0,0.906262798400348
254,0,1.01304416949461
255,0,-0.27132007187231
256,0,0.994485595727042
257,0,1.01304416949461
258,0,1.00870488589953
259,0,1.01304416949461
260,0,1.01304416949461
261,0,1.01304416949461
262,0,0.981337587646976
263,0,1.01304416949461
264,0,0.974470732246914
265,0,1.01304416949461
266,0,1.01304416949461
267,0,1.01304416949461
268,0,-0.090993133062625
269,0,1.01304416949461
270,0,1.01304416949461
271,0,1.01304416949461
272,0,1.01304416949461
273,0,-0.0564124690486096
274,0,1.01304416949461
275,0,1.01304416949461
276,0,1.01304416949461
277,0,1.01304416949461
278,0,1.01304416949461
279,0,0.905155237906001
280,0,1.01304416949461
281,0,-0.118795020471339
282,0,1.01304416949461
283,0,0.976130413917303
284,0,1.01304416949461
285,0,0.955800439900827
286,0,1.00657152886731
287,0,0.916851230750808
288,0,1.01304416949461
289,0,0.964942115840472
290,0,1.01304416949461
291,0,1.01304416949461
292,0,1.01304416949461
293,0,-0.118795020471339
294,0,1.01304416949461
295,0,1.01085257878174
296,0,1.01304416949461
297,0,1.01304416949461
298,0,1.01304416949461
299,0,1.01304416949461
300,0,1.01304416949461
301,0,0.904058274438853
302,0,0.913235607101569
303,0,1.01304416949461
304,0,0.983137777458069
305,0,0.983137777458069
306,0,1.01304416949461
307,0,1.01304416949461
308,0,-0.00319699039164334
309,0,1.01304416949461
310,0,1.01304416949461
311,0,1.01304416949461
312,0,0.964942115840472
313,0,1.00245750703959
314,0,1.01304416949461
315,0,1.01304416949461
316,0,1.01304416949461
317,0,1.01304416949461
318,0,1.01304416949461
319,0,1.01304416949461
320,0,1.01304416949461
321,0,0.976130413917303
322,0,1.01304416949461
323,0,1.01304416949461
324,0,1.01304416949461
325,0,0.981337587646976
326,0,1.01304416949461
327,0,0.934584102230019
328,0,1.01304416949461
329,0,0.964942115840472
330,0,1.01304416949461
331,0,1.01304416949461
332,0,0.920534477589626
333,0,-0.17461050681618
334,0,1.01304416949461
335,0,1.01304416949461
336,0,1.01304416949461
337,0,-0.0453010119822466
338,0,1.01304416949461
339,0,1.01304416949461
340,0,1.01304416949461
341,0,1.01304416949461
342,0,1.01304416949461
343,0,1.01304416949461
344,0,1.01304416949461
345,0,1.01304416949461
346,0,1.01304416949461
347,0,0.992551158659126
348,0,1.01304416949461
349,0,0.913235607101569
350,0,0.933263170241617
351,0,1.01304416949461
352,0,1.01304416949461
353,0,1.01304416949461
354,0,1.01304416949461
355,0,1.01304416949461
356,0,1.01304416949461
357,0,0.931952602988531
358,0,0.961858974915572
359,0,1.01304416949461
360,0,1.01304416949461
361,0,-0.0706451410054569
362,0,0.931952602988531
363,0,1.01304416949461
364,0,0.906262798400348
365,0,1.01304416949461
366,0,1.01304416949461
367,0,-0.250260445085132
368,0,1.01304416949461
369,0,-0.0264967577360267
370,0,1.01304416949461
371,0,1.01304416949461
372,0,1.01304416949461
373,0,1.01304416949461
374,0,0.906262798400348
375,0,1.01304416949461
376,0,-0.0264967577360267
377,0,1.00042726198888
378,0,1.01304416949461
379,0,1.01304416949461
380,0,1.01304416949461
381,0,1.01304416949461
382,0,-0.167688850406535
383,0,1.01304416949461
384,0,1.01304416949461
385,0,1.01304416949461
386,0,1.01304416949461
387,0,1.01304416949461
388,0,1.01304416949461
389,0,1.01304416949461
390,0,1.01304416949461
391,0,1.01304416949461
392,0,1.01304416949461
393,0,1.01304416949461
394,0,1.01304416949461
395,0,1.01304416949461
396,0,1.01304416949461
397,0,1.01304416949461
398,0,1.01304416949461
399,0,1.01304416949461
400,0,1.01304416949461
401,0,-0.103873816869054
402,0,1.01304416949461
403,0,1.01304416949461
404,0,1.01304416949461
405,0,1.01304416949461
406,0,1.01304416949461
407,0,1.01304416949461
408,0,1.01304416949461
409,0,1.01304416949461
410,0,0.904058274438853
411,0,0.974470732246914
412,0,1.01304416949461
413,0,1.01304416949461
414,0,1.01304416949461
415,0,0.98686880465857
416,0,1.01304416949461
417,0,1.01304416949461
418,0,1.01304416949461
419,0,1.01304416949461
420,0,1.01304416949461
421,0,1.01304416949461
422,0,-0.00105979963882419
423,0,1.01304416949461
424,0,1.01304416949461
425,0,1.00657152886731
426,0,1.01304416949461
427,0,1.01304416949461
428,0,0.945638329444932
429,0,-0.064093907605411
430,0,1.01304416949461
431,0,1.01304416949461
432,0,1.01304416949461
433,0,1.01304416949461
434,0,1.01304416949461
435,0,1.01304416949461
436,0,1.01304416949461
437,0,0.992551158659126
438,0,1.01304416949461
439,0,1.01304416949461
440,0,0.926805024113605
441,0,1.01304416949461
442,0,0.990635067066478
443,0,0.981337587646976
444,0,0.938664150334944
445,0,1.01304416949461
446,0,1.01304416949461
447,0,0.974470732246914
448,0,1.01304416949461
449,0,1.01304416949461
450,0,1.01304416949461
451,0,0.981337587646976
452,0,0.908546175526681
453,0,-0.269175976465704
454,0,-0.208925413073985
455,0,-0.0923996860497027
456,0,1.01304416949461
457,0,1.01304416949461
458,0,1.01304416949461
459,0,0.906262798400348
460,0,1.01304416949461
461,0,1.01304416949461
462,0,0.97784528537818
463,0,1.01304416949461
464,0,1.01304416949461
465,0,1.01304416949461
466,0,1.01304416949461
467,0,1.01304416949461
468,0,1.01304416949461
469,0,0.979586155154948
470,0,1.01304416949461
471,0,1.01304416949461
472,0,-0.103873816869054
473,0,1.01304416949461
474,0,1.01304416949461
475,0,1.01304416949461
476,0,1.01304416949461
477,0,1.01304416949461
478,0,1.01304416949461
479,0,1.01304416949461
480,0,0.908546175526681
481,0,1.01304416949461
482,0,1.01304416949461
483,0,0.983137777458069
484,0,0.957292831273094
485,0,1.01304416949461
486,0,0.900834698020731
487,0,1.01085257878174
488,0,1.01304416949461
489,0,1.01304416949461
490,0,1.01304416949461
491,0,1.01304416949461
492,0,1.01304416949461
493,0,1.01304416949461
494,0,1.01304416949461
495,0,1.01304416949461
496,0,1.01304416949461
497,0,1.01304416949461
498,0,-0.0827078919243149
499,0,1.01304416949461
500,0,1.01304416949461
501,0,1.01304416949461
502,0,1.01304416949461
503,0,1.01304416949461
504,0,1.01304416949461
505,0,0.949929567316985
506,0,1.01304416949461
507,0,-0.0882065301060493
508,0,1.01304416949461
509,0,1.01304416949461
510,0,1.01304416949461
511,0,0.968069541584214
512,0,-0.0680102110546841
513,0,0.990635067066478
514,0,0.91204937142777
515,0,1.01304416949461
516,0,1.01304416949461
517,0,0.976130413917303
518,0,1.01304416949461
519,0,1.01304416949461
520,0,1.01304416949461
521,0,1.01304416949461
522,0,-0.0827078919243149
523,0,1.01304416949461
524,0,1.01304416949461
525,0,1.01304416949461
526,0,1.01304416949461
527,0,1.01304416949461
528,0,1.01304416949461
529,0,1.01304416949461
530,0,1.01304416949461
531,0,1.01304416949461
532,0,0.906262798400348
533,0,0.938664150334944
534,0,0.904058274438853
535,0,1.01304416949461
536,0,0.928078613398952
537,0,1.01304416949461
538,0,1.01304416949461
539,0,0.906262798400348
540,0,-0.0453010119822466
541,0,1.01304416949461
542,0,1.01304416949461
543,0,1.01304416949461
544,0,0.934584102230019
545,0,1.01304416949461
546,0,1.01304416949461
547,0,0.914433762804151
548,0,1.01304416949461
549,0,1.01304416949461
550,0,0.942829022351475
551,0,1.01304416949461
552,0,-0.190585979373623
553,0,1.01304416949461
554,0,0.906262798400348
555,0,1.01304416949461
556,0,1.01304416949461
557,0,1.01304416949461
558,0,1.01085257878174
559,0,1.00657152886731
560,0,-0.014119972310823
561,0,1.01304416949461
562,0,0.908546175526681
563,0,-0.208925413073985
564,0,1.01304416949461
565,0,1.01304416949461
566,0,1.01304416949461
567,0,1.01304416949461
568,0,1.01304416949461
569,0,1.0045077653632
570,0,1.01304416949461
571,0,-0.0539010846587189
572,0,1.01304416949461
573,0,1.01304416949461
574,0,0.904058274438853
575,0,1.01304416949461
576,0,0.994485595727042
577,0,0.957292831273094
578,0,0.983137777458069
579,0,1.01304416949461
580,0,-0.0589530827261342
581,0,1.01304416949461
582,0,1.00657152886731
583,0,1.01304416949461
584,0,1.01304416949461
585,0,0.981337587646976
586,0,1.01304416949461
587,0,1.01304416949461
588,0,1.01304416949461
589,0,1.01304416949461
590,0,0.904058274438853
591,0,1.01304416949461
592,0,1.01304416949461
593,0,1.01304416949461
594,0,1.01304416949461
595,0,-0.236044622056511
596,0,1.00657152886731
597,0,1.01304416949461
598,0,-0.108282934266754
599,0,1.01304416949461
600,0,1.01304416949461
601,0,0.909709100436885
602,0,1.01304416949461
603,0,-0.0477337610155928
604,0,1.01304416949461
605,0,-0.0980836883845768
606,0,1.01304416949461
607,0,-0.226168954868626
608,0,-0.118795020471339
609,0,0.990635067066478
610,0,0.906262798400348
611,0,1.01304416949461
612,0,0.919296318989382
613,0,1.00657152886731
614,0,-0.121865060230903
615,0,0.944229865380521
616,0,0.900834698020731
617,0,1.01304416949461
618,0,1.01304416949461
619,0,-0.0334230016861738
620,0,1.01304416949461
621,0,1.01304416949461
622,0,1.01304416949461
623,0,1.01304416949461
624,0,1.01304416949461
625,0,0.947062225988134
626,0,1.01304416949461
627,0,1.01304416949461
628,0,1.01304416949461
629,0,1.01304416949461
630,0,1.01304416949461
631,0,1.01304416949461
632,0,1.01304416949461
633,0,1.01304416949461
634,0,1.01304416949461
635,0,1.01304416949461
636,0,1.01304416949461
637,0,1.01304416949461
638,0,1.01304416949461
639,0,1.01304416949461
640,0,1.01304416949461
641,0,1.01304416949461
642,0,1.01304416949461
643,0,0.930655667427914
644,0,1.01304416949461
645,0,1.01304416949461
646,0,1.01304416949461
647,0,1.01304416949461
648,0,1.01304416949461
649,0,1.01304416949461
650,0,0.974470732246914
651,0,0.928078613398952
652,0,0.976130413917303
653,0,1.01304416949461
654,0,0.938664150334944
655,0,1.01304416949461
656,0,1.01304416949461
657,0,1.01304416949461
658,0,1.01304416949461
659,0,1.01304416949461
660,0,1.01304416949461
661,0,1.01304416949461
662,0,1.01304416949461
663,0,-0.126529468711965
664,0,1.01304416949461
665,0,0.996438643008105
666,0,0.926805024113605
667,0,-0.248200070355324
668,0,1.01304416949461
669,0,1.01304416949461
670,0,1.01304416949461
671,0,1.01304416949461
672,0,-0.0539010846587189
673,0,0.972844794296293
674,0,0.976130413917303
675,0,1.00657152886731
676,0,1.01304416949461
677,0,1.01304416949461
678,0,1.01304416949461
679,0,0.952844652750287
680,0,1.01304416949461
681,0,1.01304416949461
682,0,1.01304416949461
683,0,1.01304416949461
684,0,1.01304416949461
685,0,1.01304416949461
686,0,1.01304416949461
687,0,1.01304416949461
688,0,1.01304416949461
689,0,1.01304416949461
690,0,1.01304416949461
691,0,1.01304416949461
692,0,1.01304416949461
693,0,0.983137777458069
694,0,1.01304416949461
695,0,0.91204937142777
696,0,1.01304416949461
697,0,-0.0827078919243149
698,0,1.01304416949461
699,0,1.01304416949461
700,0,1.01304416949461
701,0,1.01304416949461
702,0,1.01304416949461
703,0,1.01304416949461
704,0,1.01304416949461
705,0,1.01304416949461
706,0,1.01304416949461
707,0,1.01304416949461
708,0,1.01304416949461
709,0,0.976130413917303
710,0,1.01304416949461
711,0,1.01304416949461
712,0,-0.0895941856264244
713,0,1.01304416949461
714,0,1.01304416949461
715,0,1.01304416949461
716,0,1.01304416949461
717,0,1.00657152886731
718,0,1.01304416949461
719,0,1.00245750703959
720,0,1.01304416949461
721,0,1.01304416949461
722,0,0.931952602988531
723,0,-0.00105979963882419
724,0,1.01304416949461
725,0,1.01304416949461
726,0,1.01304416949461
727,0,0.934584102230019
728,0,1.01304416949461
729,0,1.01304416949461
730,0,1.01304416949461
731,0,1.01304416949461
732,0,1.01304416949461
733,0,1.01304416949461
734,0,1.01304416949461
735,0,1.01304416949461
736,0,1.01304416949461
737,0,0.91204937142777
738,0,1.01304416949461
739,0,0.957292831273094
740,0,1.01304416949461
741,0,1.01304416949461
742,0,1.01304416949461
743,0,0.97784528537818
744,0,0.972844794296293
745,0,1.01304416949461
746,0,1.01304416949461
747,0,1.01304416949461
748,0,1.01304416949461
749,0,0.983137777458069
750,0,1.01304416949461
751,0,1.01304416949461
752,0,1.01304416949461
753,0,1.01304416949461
754,0,1.01304416949461
755,0,1.01304416949461
756,0,1.01304416949461
757,0,1.01304416949461
758,0,1.01304416949461
759,0,1.01304416949461
760,0,0.955800439900827
761,0,1.01304416949461
762,0,-0.0627986607628372
763,0,1.01304416949461
764,0,1.01304416949461
765,0,1.01304416949461
766,0,1.01304416949461
767,0,1.01304416949461
768,0,1.01304416949461
769,0,1.01304416949461
770,0,0.9400462104702
771,0,1.01304416949461
772,0,1.01304416949461
773,0,1.01304416949461
774,0,1.01304416949461
775,0,1.01304416949461
776,0,0.983137777458069
777,0,1.00042726198888
778,0,1.01304416949461
779,0,0.952844652750287
780,0,1.01304416949461
781,0,0.919296318989382
782,0,0.97784528537818
783,0,0.976130413917303
784,0,1.01304416949461
785,0,1.01304416949461
786,0,1.01304416949461
787,0,0.981337587646976
788,0,1.01304416949461
789,0,1.01304416949461
790,0,1.01304416949461
791,0,1.01304416949461
792,0,1.01304416949461
793,0,1.01304416949461
794,0,1.01304416949461
795,0,1.01304416949461
796,0,1.01304416949461
797,0,1.01304416949461
798,0,1.01085257878174
799,0,1.01304416949461
800,0,1.01304416949461
801,0,-0.128102168439341
802,0,-0.042892643664004
803,0,1.01304416949461
804,0,-0.0564124690486096
805,0,1.01304416949461
806,0,-0.210802641045234
807,0,1.01304416949461
808,0,0.905155237906001
809,0,1.01304416949461
810,0,-0.108282934266754
811,0,1.01304416949461
812,0,1.01304416949461
813,0,1.01304416949461
814,0,0.983137777458069
815,0,0.914433762804151
816,0,1.01304416949461
817,0,1.01304416949461
818,0,1.01304416949461
819,0,1.01304416949461
820,0,1.01304416949461
821,0,1.01304416949461
822,0,0.983137777458069
823,0,0.913235607101569
824,0,1.01304416949461
825,0,1.01304416949461
826,0,1.01304416949461
827,0,1.01304416949461
828,0,1.01304416949461
829,0,1.01304416949461
830,0,1.01304416949461
831,0,0.981337587646976
832,0,1.01304416949461
833,0,1.01304416949461
834,0,1.01304416949461
835,0,1.01304416949461
836,0,0.976130413917303
837,0,0.957292831273094
838,0,1.01304416949461
839,0,1.01304416949461
840,0,1.01304416949461
841,0,1.01304416949461
842,0,1.01304416949461
843,0,1.01304416949461
844,0,1.01304416949461
845,0,1.01304416949461
846,0,1.01304416949461
847,0,1.01304416949461
848,0,1.01304416949461
849,0,1.01304416949461
850,0,1.01304416949461
1,0.191136844878805,1.01839166404977
2,0.191136844878805,1.01839166404977
4,0.191136844878805,1.01839166404977
8,0.191136844878805,1.01839166404977
10,0.191136844878805,0.89018408608888
11,0.191136844878805,1.01839166404977
12,0.191136844878805,1.01839166404977
15,0.191136844878805,1.01839166404977
16,0.191136844878805,1.01839166404977
17,0.191136844878805,1.01839166404977
18,0.191136844878805,0.893328493293552
20,0.191136844878805,0.923499179975011
21,0.191136844878805,0.923499179975011
22,0.191136844878805,1.01839166404977
24,0.191136844878805,1.01839166404977
27,0.191136844878805,0.906509819895518
29,0.191136844878805,1.01839166404977
30,0.191136844878805,-0.0908856735986774
31,0.191136844878805,0.921502579159778
34,0.191136844878805,1.01839166404977
35,0.191136844878805,1.01839166404977
37,0.191136844878805,1.01839166404977
38,0.191136844878805,1.01839166404977
40,0.191136844878805,1.01839166404977
41,0.191136844878805,0.904779526847051
42,0.191136844878805,0.906509819895518
43,0.191136844878805,1.01839166404977
46,0.191136844878805,0.904779526847051
48,0.191136844878805,1.01839166404977
50,0.191136844878805,1.01839166404977
51,0.191136844878805,1.01502064569024
54,0.191136844878805,1.01839166404977
55,0.191136844878805,1.01839166404977
57,0.191136844878805,1.01839166404977
58,0.191136844878805,1.01839166404977
60,0.191136844878805,0.893328493293552
61,0.191136844878805,-0.156897291721634
62,0.191136844878805,1.01839166404977
64,0.191136844878805,1.01839166404977
65,0.191136844878805,1.01839166404977
66,0.191136844878805,1.01839166404977
67,0.191136844878805,1.00859225178249
68,0.191136844878805,1.01839166404977
70,0.191136844878805,1.01839166404977
71,0.191136844878805,1.01839166404977
72,0.191136844878805,1.01839166404977
76,0.191136844878805,1.01839166404977
77,0.191136844878805,1.01839166404977
79,0.191136844878805,-0.0332377620051147
82,0.191136844878805,1.01839166404977
83,0.191136844878805,1.01502064569024
84,0.191136844878805,0.923499179975011
85,0.191136844878805,1.01839166404977
86,0.191136844878805,1.01839166404977
87,0.191136844878805,1.01839166404977
89,0.191136844878805,0.966344422132465
90,0.191136844878805,1.01839166404977
91,0.191136844878805,1.01839166404977
92,0.191136844878805,1.01839166404977
96,0.191136844878805,1.01839166404977
97,0.191136844878805,1.01839166404977
98,0.191136844878805,1.01839166404977
99,0.191136844878805,1.01839166404977
100,0.191136844878805,1.01839166404977
101,0.191136844878805,-0.199273440354204
103,0.191136844878805,0.987822345908853
104,0.191136844878805,1.01839166404977
105,0.191136844878805,1.01839166404977
106,0.191136844878805,0.906509819895518
108,0.191136844878805,1.01839166404977
109,0.191136844878805,1.01839166404977
110,0.191136844878805,1.01839166404977
111,0.191136844878805,-0.138547270032177
112,0.191136844878805,1.01839166404977
113,0.191136844878805,1.01839166404977
114,0.191136844878805,1.01839166404977
115,0.191136844878805,0.911881512180912
116,0.191136844878805,1.01839166404977
117,0.191136844878805,0.906509819895518
119,0.191136844878805,-0.0591948238063651
121,0.191136844878805,0.906509819895518
122,0.191136844878805,1.01839166404977
124,0.191136844878805,1.01839166404977
125,0.191136844878805,0.949659819580575
126,0.191136844878805,0.931799696363555
127,0.191136844878805,1.01839166404977
128,0.191136844878805,0.987822345908853
130,0.191136844878805,1.01839166404977
131,0.191136844878805,1.01839166404977
132,0.191136844878805,1.01839166404977
135,0.191136844878805,0.929680790793668
136,0.191136844878805,1.01839166404977
137,0.191136844878805,1.01839166404977
138,0.191136844878805,-0.138547270032177
139,0.191136844878805,1.01839166404977
140,0.191136844878805,0.961386981195233
144,0.191136844878805,0.923499179975011
145,0.191136844878805,1.01839166404977
146,0.191136844878805,0.899784175482978
147,0.191136844878805,1.01839166404977
148,0.191136844878805,1.01839166404977
150,0.191136844878805,1.01839166404977
152,0.191136844878805,1.01839166404977
153,0.191136844878805,1.01839166404977
155,0.191136844878805,0.904779526847051
157,0.191136844878805,1.01839166404977
158,0.191136844878805,1.01839166404977
160,0.191136844878805,1.01839166404977
161,0.191136844878805,1.01839166404977
162,0.191136844878805,1.01839166404977
165,0.191136844878805,1.01839166404977
166,0.191136844878805,0.993522742444611
167,0.191136844878805,1.01839166404977
169,0.191136844878805,0.966344422132465
170,0.191136844878805,1.01839166404977
171,0.191136844878805,1.01839166404977
172,0.191136844878805,-0.123415277446838
173,0.191136844878805,1.01839166404977
174,0.191136844878805,0.89018408608888
176,0.191136844878805,-0.0169760253378399
177,0.191136844878805,0.966344422132465
178,0.191136844878805,1.01502064569024
179,0.191136844878805,0
180,0.191136844878805,0.91375188337463
185,0.191136844878805,1.01839166404977
186,0.191136844878805,1.01839166404977
189,0.191136844878805,0.904779526847051
193,0.191136844878805,1.01839166404977
194,0.191136844878805,1.01839166404977
196,0.191136844878805,-0.0928325451177443
198,0.191136844878805,1.01839166404977
199,0.191136844878805,1.01839166404977
202,0.191136844878805,-0.209869117536073
204,0.191136844878805,0.942816519238136
205,0.191136844878805,0.921502579159778
208,0.191136844878805,1.01839166404977
209,0.191136844878805,1.01839166404977
210,0.191136844878805,1.01839166404977
211,0.191136844878805,1.01839166404977
213,0.191136844878805,0.911881512180912
214,0.191136844878805,0.961386981195233
215,0.191136844878805,-0.232062512740185
216,0.191136844878805,-0.194081480936802
217,0.191136844878805,1.01839166404977
219,0.191136844878805,1.01839166404977
220,0.191136844878805,1.01839166404977
221,0.191136844878805,1.01839166404977
222,0.191136844878805,1.01839166404977
224,0.191136844878805,1.01839166404977
225,0.191136844878805,-0.0154011087557819
226,0.191136844878805,1.01839166404977
228,0.191136844878805,1.01839166404977
229,0.191136844878805,0.904779526847051
230,0.191136844878805,1.01839166404977
231,0.191136844878805,0.97684648387542
232,0.191136844878805,0.966344422132465
233,0.191136844878805,0.971524997473239
236,0.191136844878805,1.01839166404977
237,0.191136844878805,1.01839166404977
238,0.191136844878805,1.01839166404977
239,0.191136844878805,1.01839166404977
240,0.191136844878805,0.987822345908853
242,0.191136844878805,0.903104495974048
243,0.191136844878805,0.942816519238136
246,0.191136844878805,0.931799696363555
247,0.191136844878805,1.00547914679998
248,0.191136844878805,1.01839166404977
249,0.191136844878805,1.01839166404977
250,0.191136844878805,1.01839166404977
251,0.191136844878805,1.01839166404977
254,0.191136844878805,-0.223591090110631
257,0.191136844878805,1.01839166404977
259,0.191136844878805,-0.176345713859291
260,0.191136844878805,1.01502064569024
261,0.191136844878805,1.01839166404977
263,0.191136844878805,1.01839166404977
265,0.191136844878805,1.01839166404977
266,0.191136844878805,0.899784175482978
267,0.191136844878805,0.996406456566433
269,0.191136844878805,1.01839166404977
270,0.191136844878805,1.01839166404977
271,0.191136844878805,1.01839166404977
272,0.191136844878805,1.01839166404977
274,0.191136844878805,1.01839166404977
275,0.191136844878805,0.966344422132465
276,0.191136844878805,1.01839166404977
277,0.191136844878805,1.01839166404977
278,0.191136844878805,1.01839166404977
280,0.191136844878805,1.01839166404977
282,0.191136844878805,1.01839166404977
284,0.191136844878805,1.01839166404977
288,0.191136844878805,1.01839166404977
290,0.191136844878805,-0.112934539118669
291,0.191136844878805,1.01839166404977
292,0.191136844878805,0.966344422132465
294,0.191136844878805,1.01839166404977
296,0.191136844878805,1.01839166404977
297,0.191136844878805,1.01839166404977
298,0.191136844878805,-0.270893896028042
299,0.191136844878805,1.01839166404977
300,0.191136844878805,1.01839166404977
303,0.191136844878805,1.01839166404977
306,0.191136844878805,1.01839166404977
307,0.191136844878805,-0.147549335318217
309,0.191136844878805,0.911881512180912
310,0.191136844878805,1.01839166404977
311,0.191136844878805,1.01839166404977
314,0.191136844878805,1.01839166404977
315,0.191136844878805,0.961386981195233
316,0.191136844878805,1.01839166404977
317,0.191136844878805,1.01839166404977
318,0.191136844878805,-0.0249837441829186
319,0.191136844878805,1.01839166404977
320,0.191136844878805,1.01839166404977
322,0.191136844878805,1.01839166404977
323,0.191136844878805,1.01839166404977
324,0.191136844878805,1.01839166404977
326,0.191136844878805,1.01839166404977
328,0.191136844878805,1.01839166404977
330,0.191136844878805,1.01839166404977
331,0.191136844878805,0.891750842481315
334,0.191136844878805,1.01839166404977
335,0.191136844878805,1.01839166404977
336,0.191136844878805,1.01839166404977
338,0.191136844878805,1.01839166404977
339,0.191136844878805,1.01839166404977
340,0.191136844878805,1.01839166404977
341,0.191136844878805,1.01839166404977
342,0.191136844878805,1.01839166404977
343,0.191136844878805,1.01839166404977
344,0.191136844878805,1.01839166404977
345,0.191136844878805,1.01839166404977
346,0.191136844878805,1.01839166404977
348,0.191136844878805,1.01839166404977
351,0.191136844878805,1.01839166404977
352,0.191136844878805,1.01839166404977
353,0.191136844878805,1.01839166404977
354,0.191136844878805,-0.0468816498429305
355,0.191136844878805,0.956638428019346
356,0.191136844878805,1.01839166404977
359,0.191136844878805,1.01839166404977
360,0.191136844878805,0.910079892515569
363,0.191136844878805,0.982265388790665
365,0.191136844878805,1.00859225178249
366,0.191136844878805,1.01839166404977
368,0.191136844878805,1.01839166404977
370,0.191136844878805,0.911881512180912
371,0.191136844878805,0.89018408608888
372,0.191136844878805,-0.232062512740185
373,0.191136844878805,0.89018408608888
375,0.191136844878805,-0.140776876594373
378,0.191136844878805,1.01839166404977
379,0.191136844878805,0.966344422132465
380,0.191136844878805,1.01839166404977
381,0.191136844878805,1.01839166404977
383,0.191136844878805,1.01839166404977
384,0.191136844878805,1.01839166404977
385,0.191136844878805,1.01839166404977
386,0.191136844878805,0.91375188337463
387,0.191136844878805,0.99938731233874
388,0.191136844878805,0.931799696363555
389,0.191136844878805,1.01839166404977
390,0.191136844878805,-0.0217503497361804
391,0.191136844878805,1.01839166404977
392,0.191136844878805,1.01839166404977
393,0.191136844878805,1.01839166404977
394,0.191136844878805,1.01839166404977
395,0.191136844878805,0.915658112159349
396,0.191136844878805,1.01839166404977
397,0.191136844878805,0.89018408608888
398,0.191136844878805,1.01839166404977
399,0.191136844878805,1.01502064569024
400,0.191136844878805,1.01839166404977
402,0.191136844878805,1.01839166404977
403,0.191136844878805,-0.147549335318217
404,0.191136844878805,1.01839166404977
405,0.191136844878805,1.01839166404977
406,0.191136844878805,0.925543403941674
407,0.191136844878805,1.01839166404977
408,0.191136844878805,1.01839166404977
409,0.191136844878805,-0.234939473433087
412,0.191136844878805,1.01839166404977
413,0.191136844878805,1.01839166404977
414,0.191136844878805,-0.149854396568003
416,0.191136844878805,0.89018408608888
417,0.191136844878805,1.01839166404977
418,0.191136844878805,0.979537448958013
419,0.191136844878805,1.01839166404977
420,0.191136844878805,1.01839166404977
421,0.191136844878805,-0.0217503497361804
423,0.191136844878805,0.896533673129056
424,0.191136844878805,-0.147549335318217
426,0.191136844878805,1.01839166404977
427,0.191136844878805,1.01839166404977
430,0.191136844878805,1.01839166404977
431,0.191136844878805,1.01839166404977
432,0.191136844878805,1.01839166404977
433,0.191136844878805,1.01839166404977
434,0.191136844878805,1.01839166404977
435,0.191136844878805,1.01839166404977
436,0.191136844878805,1.01839166404977
438,0.191136844878805,0.904779526847051
439,0.191136844878805,0.893328493293552
441,0.191136844878805,1.01839166404977
445,0.191136844878805,1.01839166404977
446,0.191136844878805,1.01839166404977
448,0.191136844878805,1.01839166404977
449,0.191136844878805,1.01839166404977
450,0.191136844878805,1.01839166404977
456,0.191136844878805,1.01839166404977
457,0.191136844878805,1.01839166404977
458,0.191136844878805,1.01839166404977
460,0.191136844878805,-0.138547270032177
461,0.191136844878805,1.01839166404977
463,0.191136844878805,1.01839166404977
464,0.191136844878805,1.01839166404977
465,0.191136844878805,1.01839166404977
466,0.191136844878805,1.01839166404977
467,0.191136844878805,0.942816519238136
468,0.191136844878805,-0.0591948238063651
470,0.191136844878805,0.89018408608888
471,0.191136844878805,0.961386981195233
473,0.191136844878805,1.01839166404977
474,0.191136844878805,-0.252572112048824
475,0.191136844878805,1.01839166404977
476,0.191136844878805,1.00547914679998
477,0.191136844878805,1.01839166404977
478,0.191136844878805,1.01839166404977
479,0.191136844878805,1.01839166404977
481,0.191136844878805,1.01839166404977
482,0.191136844878805,1.01839166404977
485,0.191136844878805,1.01839166404977
488,0.191136844878805,0.904779526847051
489,0.191136844878805,1.01839166404977
490,0.191136844878805,-0.100757038276129
491,0.191136844878805,0.915658112159349
492,0.191136844878805,1.01839166404977
493,0.191136844878805,1.01839166404977
494,0.191136844878805,1.01839166404977
495,0.191136844878805,1.01839166404977
496,0.191136844878805,1.01839166404977
497,0.191136844878805,1.01839166404977
499,0.191136844878805,0.899784175482978
500,0.191136844878805,1.01839166404977
501,0.191136844878805,1.01839166404977
502,0.191136844878805,1.01839166404977
503,0.191136844878805,0.996406456566433
504,0.191136844878805,1.01839166404977
506,0.191136844878805,-0.0609931071390974
508,0.191136844878805,0.906509819895518
509,0.191136844878805,1.01839166404977
510,0.191136844878805,0.927603876050853
515,0.191136844878805,-0.176345713859291
516,0.191136844878805,1.01502064569024
518,0.191136844878805,-0.207184240609763
519,0.191136844878805,1.01839166404977
520,0.191136844878805,0.89018408608888
521,0.191136844878805,0.921502579159778
523,0.191136844878805,1.01839166404977
524,0.191136844878805,1.01839166404977
525,0.191136844878805,0.911881512180912
526,0.191136844878805,0.996406456566433
527,0.191136844878805,-0.156897291721634
528,0.191136844878805,1.01839166404977
529,0.191136844878805,0.996406456566433
530,0.191136844878805,1.01839166404977
531,0.191136844878805,-0.28672912062973
535,0.191136844878805,1.01839166404977
537,0.191136844878805,1.01839166404977
538,0.191136844878805,0.911881512180912
541,0.191136844878805,0.91375188337463
542,0.191136844878805,1.01839166404977
543,0.191136844878805,1.01839166404977
545,0.191136844878805,1.01839166404977
546,0.191136844878805,1.01839166404977
548,0.191136844878805,1.01839166404977
549,0.191136844878805,-0.152178920027836
551,0.191136844878805,1.01839166404977
553,0.191136844878805,1.01839166404977
555,0.191136844878805,1.01839166404977
556,0.191136844878805,1.01839166404977
557,0.191136844878805,0.956638428019346
561,0.191136844878805,1.01839166404977
564,0.191136844878805,1.01839166404977
565,0.191136844878805,1.01839166404977
566,0.191136844878805,-0.28672912062973
567,0.191136844878805,1.01839166404977
568,0.191136844878805,1.01839166404977
570,0.191136844878805,1.01839166404977
572,0.191136844878805,1.01839166404977
573,0.191136844878805,0.921502579159778
575,0.191136844878805,1.01839166404977
579,0.191136844878805,1.01839166404977
581,0.191136844878805,1.01839166404977
583,0.191136844878805,0.961386981195233
584,0.191136844878805,1.01839166404977
586,0.191136844878805,1.01839166404977
587,0.191136844878805,1.01839166404977
588,0.191136844878805,1.01839166404977
589,0.191136844878805,1.01839166404977
591,0.191136844878805,1.01839166404977
592,0.191136844878805,-0.0928325451177443
593,0.191136844878805,1.01839166404977
594,0.191136844878805,1.01839166404977
597,0.191136844878805,0.923499179975011
599,0.191136844878805,0.961386981195233
600,0.191136844878805,1.01839166404977
602,0.191136844878805,1.01839166404977
604,0.191136844878805,1.00547914679998
606,0.191136844878805,1.01839166404977
611,0.191136844878805,0.899784175482978
617,0.191136844878805,0.896533673129056
618,0.191136844878805,1.01839166404977
620,0.191136844878805,0.961386981195233
621,0.191136844878805,1.01839166404977
622,0.191136844878805,1.00859225178249
623,0.191136844878805,0.985031070710647
624,0.191136844878805,1.01839166404977
626,0.191136844878805,1.01839166404977
627,0.191136844878805,1.01839166404977
628,0.191136844878805,1.01839166404977
629,0.191136844878805,1.01839166404977
630,0.191136844878805,1.01839166404977
631,0.191136844878805,1.01839166404977
632,0.191136844878805,1.01839166404977
633,0.191136844878805,1.01839166404977
634,0.191136844878805,1.01839166404977
635,0.191136844878805,1.01839166404977
636,0.191136844878805,1.01839166404977
637,0.191136844878805,0.982265388790665
638,0.191136844878805,1.01839166404977
639,0.191136844878805,0.99938731233874
640,0.191136844878805,1.01839166404977
641,0.191136844878805,0.89018408608888
642,0.191136844878805,1.01839166404977
644,0.191136844878805,1.01839166404977
645,0.191136844878805,-0.0315657222587333
646,0.191136844878805,1.01839166404977
647,0.191136844878805,1.01839166404977
648,0.191136844878805,1.01839166404977
649,0.191136844878805,0.933961879203707
653,0.191136844878805,1.01839166404977
655,0.191136844878805,1.01839166404977
656,0.191136844878805,1.01839166404977
657,0.191136844878805,1.01839166404977
658,0.191136844878805,1.01839166404977
659,0.191136844878805,1.01839166404977
660,0.191136844878805,1.01839166404977
661,0.191136844878805,0.971524997473239
662,0.191136844878805,1.01839166404977
664,0.191136844878805,1.01839166404977
668,0.191136844878805,1.01839166404977
669,0.191136844878805,1.01839166404977
670,0.191136844878805,1.01839166404977
671,0.191136844878805,1.01839166404977
676,0.191136844878805,1.01839166404977
677,0.191136844878805,-0.0851119998753802
678,0.191136844878805,1.01839166404977
680,0.191136844878805,0.996406456566433
681,0.191136844878805,1.00859225178249
682,0.191136844878805,0.904779526847051
683,0.191136844878805,1.01839166404977
684,0.191136844878805,1.01839166404977
685,0.191136844878805,1.01839166404977
686,0.191136844878805,1.01839166404977
687,0.191136844878805,1.01839166404977
688,0.191136844878805,0.940582306050828
689,0.191136844878805,1.01839166404977
690,0.191136844878805,0.929680790793668
691,0.191136844878805,1.01839166404977
692,0.191136844878805,1.01839166404977
694,0.191136844878805,1.01839166404977
696,0.191136844878805,1.01839166404977
698,0.191136844878805,-0.261622421140714
699,0.191136844878805,1.01839166404977
700,0.191136844878805,1.01839166404977
701,0.191136844878805,1.01839166404977
702,0.191136844878805,0.911881512180912
703,0.191136844878805,1.01502064569024
704,0.191136844878805,-0.110878147152221
705,0.191136844878805,1.01839166404977
706,0.191136844878805,1.01839166404977
707,0.191136844878805,-0.207184240609763
708,0.191136844878805,1.01839166404977
710,0.191136844878805,1.01839166404977
711,0.191136844878805,0.979537448958013
713,0.191136844878805,1.01839166404977
714,0.191136844878805,1.01839166404977
715,0.191136844878805,0.91375188337463
716,0.191136844878805,0.933961879203707
718,0.191136844878805,1.01839166404977
720,0.191136844878805,1.01839166404977
721,0.191136844878805,-0.131994260973784
724,0.191136844878805,1.01839166404977
725,0.191136844878805,0.931799696363555
726,0.191136844878805,1.01839166404977
728,0.191136844878805,1.01839166404977
729,0.191136844878805,1.01839166404977
730,0.191136844878805,1.01839166404977
731,0.191136844878805,1.01839166404977
732,0.191136844878805,1.01839166404977
733,0.191136844878805,1.01839166404977
734,0.191136844878805,1.01839166404977
735,0.191136844878805,1.01839166404977
736,0.191136844878805,1.01839166404977
738,0.191136844878805,1.01839166404977
740,0.191136844878805,1.01839166404977
741,0.191136844878805,1.01839166404977
742,0.191136844878805,1.01839166404977
745,0.191136844878805,1.01839166404977
746,0.191136844878805,1.01839166404977
747,0.191136844878805,1.01839166404977
748,0.191136844878805,1.01839166404977
750,0.191136844878805,0.99938731233874
751,0.191136844878805,1.01839166404977
752,0.191136844878805,0.971524997473239
753,0.191136844878805,1.01839166404977
754,0.191136844878805,1.01839166404977
755,0.191136844878805,0.906509819895518
756,0.191136844878805,1.01839166404977
757,0.191136844878805,0.91759377328583
758,0.191136844878805,1.01839166404977
759,0.191136844878805,0.933961879203707
761,0.191136844878805,0.968917428569398
763,0.191136844878805,0.929680790793668
764,0.191136844878805,1.01839166404977
765,0.191136844878805,0.915658112159349
766,0.191136844878805,0.951969723396019
767,0.191136844878805,0.968917428569398
768,0.191136844878805,1.01839166404977
769,0.191136844878805,-0.261622421140714
771,0.191136844878805,1.01839166404977
772,0.191136844878805,0.89018408608888
773,0.191136844878805,1.01839166404977
774,0.191136844878805,1.01839166404977
775,0.191136844878805,1.01839166404977
778,0.191136844878805,1.01839166404977
780,0.191136844878805,1.01839166404977
784,0.191136844878805,1.01839166404977
785,0.191136844878805,-0.220806246422057
786,0.191136844878805,-0.115007324806243
788,0.191136844878805,-0.313160587966081
789,0.191136844878805,1.00859225178249
790,0.191136844878805,1.01839166404977
791,0.191136844878805,1.01839166404977
792,0.191136844878805,-0.152178920027836
793,0.191136844878805,1.01839166404977
794,0.191136844878805,1.01839166404977
795,0.191136844878805,1.01839166404977
796,0.191136844878805,1.01839166404977
797,0.191136844878805,0.911881512180912
799,0.191136844878805,1.01839166404977
800,0.191136844878805,1.01839166404977
803,0.191136844878805,1.01839166404977
805,0.191136844878805,1.01839166404977
807,0.191136844878805,-0.0249837441829186
809,0.191136844878805,1.01839166404977
811,0.191136844878805,0.961386981195233
812,0.191136844878805,1.01839166404977
813,0.191136844878805,1.01839166404977
816,0.191136844878805,1.01839166404977
817,0.191136844878805,1.01839166404977
818,0.191136844878805,1.01839166404977
819,0.191136844878805,-0.0315657222587333
820,0.191136844878805,1.01839166404977
821,0.191136844878805,1.01502064569024
824,0.191136844878805,1.01839166404977
825,0.191136844878805,1.01839166404977
826,0.191136844878805,-0.0775448492447595
827,0.191136844878805,0.996406456566433
828,0.191136844878805,1.01839166404977
829,0.191136844878805,0.911881512180912
830,0.191136844878805,1.01839166404977
832,0.191136844878805,1.01839166404977
833,0.191136844878805,1.01839166404977
834,0.191136844878805,1.01839166404977
835,0.191136844878805,0.929680790793668
838,0.191136844878805,1.01839166404977
839,0.191136844878805,1.01839166404977
840,0.191136844878805,1.01839166404977
841,0.191136844878805,1.01839166404977
842,0.191136844878805,1.01839166404977
843,0.191136844878805,1.01839166404977
844,0.191136844878805,1.01839166404977
845,0.191136844878805,1.01839166404977
846,0.191136844878805,1.01839166404977
847,0.191136844878805,1.01839166404977
848,0.191136844878805,1.01839166404977
849,0.191136844878805,-0.21530019774832
850,0.191136844878805,1.01839166404977
1,0.417950530102763,0.996589752244006
2,0.417950530102763,1.01402128599688
4,0.417950530102763,0.876397506390333
8,0.417950530102763,1.01402128599688
11,0.417950530102763,1.01402128599688
12,0.417950530102763,1.01402128599688
15,0.417950530102763,1.01402128599688
16,0.417950530102763,0.973197482602814
17,0.417950530102763,0.980605734475773
22,0.417950530102763,1.01402128599688
24,0.417950530102763,1.01402128599688
29,0.417950530102763,1.01402128599688
34,0.417950530102763,1.01402128599688
35,0.417950530102763,0.883388383536783
37,0.417950530102763,1.01402128599688
38,0.417950530102763,1.01402128599688
40,0.417950530102763,0.937018628670558
43,0.417950530102763,1.01402128599688
48,0.417950530102763,1.01402128599688
50,0.417950530102763,1.01402128599688
54,0.417950530102763,1.01402128599688
55,0.417950530102763,1.01402128599688
57,0.417950530102763,1.01402128599688
58,0.417950530102763,1.01402128599688
62,0.417950530102763,-0.0483164486672649
64,0.417950530102763,1.01402128599688
65,0.417950530102763,1.01402128599688
66,0.417950530102763,1.01402128599688
68,0.417950530102763,1.01402128599688
70,0.417950530102763,1.01402128599688
71,0.417950530102763,0.988393690961971
72,0.417950530102763,1.01402128599688
76,0.417950530102763,0.984447292719892
77,0.417950530102763,1.01402128599688
82,0.417950530102763,1.01402128599688
85,0.417950530102763,-0.0483164486672649
86,0.417950530102763,1.01402128599688
87,0.417950530102763,1.01402128599688
90,0.417950530102763,1.01402128599688
91,0.417950530102763,1.01402128599688
92,0.417950530102763,-0.0592048912568544
96,0.417950530102763,1.01402128599688
97,0.417950530102763,0.878679519335492
98,0.417950530102763,-0.0792024828226658
99,0.417950530102763,1.01402128599688
100,0.417950530102763,0.925167653609378
104,0.417950530102763,0.9461644750765
105,0.417950530102763,1.01402128599688
108,0.417950530102763,1.01402128599688
109,0.417950530102763,1.01402128599688
110,0.417950530102763,0.95923985397684
112,0.417950530102763,1.01402128599688
113,0.417950530102763,1.01402128599688
114,0.417950530102763,1.01402128599688
116,0.417950530102763,0.984447292719892
122,0.417950530102763,0.922264923337991
124,0.417950530102763,1.01402128599688
127,0.417950530102763,-0.0254379813570154
130,0.417950530102763,1.01402128599688
131,0.417950530102763,1.01402128599688
132,0.417950530102763,1.01402128599688
136,0.417950530102763,0.888209743562754
137,0.417950530102763,1.01402128599688
139,0.417950530102763,0.949299473751523
145,0.417950530102763,1.01402128599688
147,0.417950530102763,1.01402128599688
148,0.417950530102763,1.01402128599688
150,0.417950530102763,1.01402128599688
152,0.417950530102763,1.01402128599688
153,0.417950530102763,-0.0792024828226658
157,0.417950530102763,1.01402128599688
158,0.417950530102763,1.01402128599688
160,0.417950530102763,1.00084762722616
161,0.417950530102763,0.952531345997727
162,0.417950530102763,0.881009306355224
165,0.417950530102763,0.949299473751523
167,0.417950530102763,1.01402128599688
170,0.417950530102763,1.01402128599688
171,0.417950530102763,1.01402128599688
173,0.417950530102763,0.966140808657542
185,0.417950530102763,0.952531345997727
186,0.417950530102763,1.01402128599688
193,0.417950530102763,1.01402128599688
194,0.417950530102763,1.01402128599688
198,0.417950530102763,1.01402128599688
199,0.417950530102763,1.01402128599688
208,0.417950530102763,1.01402128599688
209,0.417950530102763,-0.179740188706091
210,0.417950530102763,1.01402128599688
211,0.417950530102763,1.01402128599688
217,0.417950530102763,1.01402128599688
219,0.417950530102763,1.01402128599688
220,0.417950530102763,1.01402128599688
221,0.417950530102763,1.01402128599688
222,0.417950530102763,1.01402128599688
224,0.417950530102763,1.01402128599688
226,0.417950530102763,0.922264923337991
228,0.417950530102763,1.01402128599688
230,0.417950530102763,1.01402128599688
236,0.417950530102763,1.01402128599688
237,0.417950530102763,0.900717356850294
238,0.417950530102763,-0.0353018174181443
239,0.417950530102763,-0.0537070165800628
248,0.417950530102763,1.01402128599688
249,0.417950530102763,1.01402128599688
250,0.417950530102763,1.01402128599688
251,0.417950530102763,0.973197482602814
257,0.417950530102763,1.01402128599688
261,0.417950530102763,1.01402128599688
263,0.417950530102763,1.01402128599688
265,0.417950530102763,1.01402128599688
269,0.417950530102763,0.905888733499012
270,0.417950530102763,1.01402128599688
271,0.417950530102763,1.01402128599688
272,0.417950530102763,-0.191782806022275
274,0.417950530102763,1.01402128599688
276,0.417950530102763,1.01402128599688
277,0.417950530102763,1.01402128599688
278,0.417950530102763,-0.104290878517247
280,0.417950530102763,-0.00902351630804787
282,0.417950530102763,1.01402128599688
284,0.417950530102763,1.01402128599688
288,0.417950530102763,1.01402128599688
291,0.417950530102763,-0.0378592468560441
294,0.417950530102763,1.01402128599688
296,0.417950530102763,1.01402128599688
297,0.417950530102763,1.01402128599688
299,0.417950530102763,1.01402128599688
300,0.417950530102763,1.01402128599688
303,0.417950530102763,-0.0254379813570154
306,0.417950530102763,1.01402128599688
310,0.417950530102763,0.95923985397684
311,0.417950530102763,-0.225710602188542
314,0.417950530102763,1.01402128599688
316,0.417950530102763,1.01402128599688
317,0.417950530102763,1.01402128599688
319,0.417950530102763,1.01402128599688
320,0.417950530102763,1.01402128599688
322,0.417950530102763,1.01402128599688
323,0.417950530102763,0.919428515574452
324,0.417950530102763,0.911204639806385
326,0.417950530102763,0.876397506390333
328,0.417950530102763,1.01402128599688
330,0.417950530102763,1.01402128599688
334,0.417950530102763,1.01402128599688
335,0.417950530102763,1.01402128599688
336,0.417950530102763,1.01402128599688
338,0.417950530102763,-0.225710602188542
339,0.417950530102763,0.988393690961971
340,0.417950530102763,0.881009306355224
341,0.417950530102763,1.01402128599688
342,0.417950530102763,1.01402128599688
343,0.417950530102763,1.01402128599688
344,0.417950530102763,1.01402128599688
345,0.417950530102763,1.01402128599688
346,0.417950530102763,1.01402128599688
348,0.417950530102763,1.01402128599688
351,0.417950530102763,1.01402128599688
352,0.417950530102763,1.01402128599688
353,0.417950530102763,-0.200006639955063
356,0.417950530102763,0.922264923337991
359,0.417950530102763,1.01402128599688
366,0.417950530102763,1.01402128599688
368,0.417950530102763,1.01402128599688
378,0.417950530102763,1.01402128599688
380,0.417950530102763,1.01402128599688
381,0.417950530102763,0.988393690961971
383,0.417950530102763,0.878679519335492
384,0.417950530102763,1.01402128599688
385,0.417950530102763,1.01402128599688
389,0.417950530102763,1.01402128599688
391,0.417950530102763,1.01402128599688
392,0.417950530102763,0.969646546324611
393,0.417950530102763,1.01402128599688
394,0.417950530102763,1.01402128599688
396,0.417950530102763,1.01402128599688
398,0.417950530102763,0.980605734475773
400,0.417950530102763,1.01402128599688
402,0.417950530102763,0.992449280298729
404,0.417950530102763,-0.0822179757350909
405,0.417950530102763,1.01402128599688
407,0.417950530102763,1.01402128599688
408,0.417950530102763,1.01402128599688
412,0.417950530102763,1.01402128599688
413,0.417950530102763,1.01402128599688
417,0.417950530102763,1.01402128599688
419,0.417950530102763,1.01402128599688
420,0.417950530102763,1.01402128599688
426,0.417950530102763,1.01402128599688
427,0.417950530102763,1.01402128599688
430,0.417950530102763,1.01402128599688
431,0.417950530102763,0.919428515574452
432,0.417950530102763,1.01402128599688
433,0.417950530102763,1.01402128599688
434,0.417950530102763,-0.0792024828226658
435,0.417950530102763,1.01402128599688
436,0.417950530102763,1.01402128599688
441,0.417950530102763,1.01402128599688
445,0.417950530102763,1.01402128599688
446,0.417950530102763,0.984447292719892
448,0.417950530102763,1.01402128599688
449,0.417950530102763,1.01402128599688
450,0.417950530102763,1.01402128599688
456,0.417950530102763,1.01402128599688
457,0.417950530102763,-0.120824656901846
458,0.417950530102763,1.01402128599688
461,0.417950530102763,1.01402128599688
463,0.417950530102763,-0.0915200863685754
464,0.417950530102763,-0.0792024828226658
465,0.417950530102763,-0.0430445968320896
466,0.417950530102763,1.01402128599688
473,0.417950530102763,-0.131155081133898
475,0.417950530102763,-0.212646742689572
477,0.417950530102763,1.01402128599688
478,0.417950530102763,1.01402128599688
479,0.417950530102763,1.01402128599688
481,0.417950530102763,0.91391506580743
482,0.417950530102763,1.01402128599688
485,0.417950530102763,1.01402128599688
489,0.417950530102763,1.01402128599688
492,0.417950530102763,1.01402128599688
493,0.417950530102763,0.89065263454637
494,0.417950530102763,1.01402128599688
495,0.417950530102763,1.01402128599688
496,0.417950530102763,-0.0353018174181443
497,0.417950530102763,1.01402128599688
500,0.417950530102763,1.01402128599688
501,0.417950530102763,1.01402128599688
502,0.417950530102763,1.01402128599688
504,0.417950530102763,1.01402128599688
509,0.417950530102763,1.01402128599688
519,0.417950530102763,0.903281773800302
523,0.417950530102763,-0.0159586962740264
524,0.417950530102763,-0.0564404122930569
528,0.417950530102763,1.01402128599688
530,0.417950530102763,-0.0762742900051308
535,0.417950530102763,-0.0676413861433502
537,0.417950530102763,1.01402128599688
542,0.417950530102763,1.01402128599688
543,0.417950530102763,1.01402128599688
545,0.417950530102763,1.01402128599688
546,0.417950530102763,1.01402128599688
548,0.417950530102763,1.01402128599688
551,0.417950530102763,1.01402128599688
553,0.417950530102763,-0.152856802088195
555,0.417950530102763,1.01402128599688
556,0.417950530102763,1.01402128599688
561,0.417950530102763,1.01402128599688
564,0.417950530102763,1.01402128599688
565,0.417950530102763,1.01402128599688
567,0.417950530102763,0.943085513220581
568,0.417950530102763,1.01402128599688
570,0.417950530102763,-0.0230400226105871
572,0.417950530102763,1.01402128599688
575,0.417950530102763,1.01402128599688
579,0.417950530102763,1.01402128599688
581,0.417950530102763,1.01402128599688
584,0.417950530102763,1.01402128599688
586,0.417950530102763,1.01402128599688
587,0.417950530102763,0.89065263454637
588,0.417950530102763,-0.0278743752900823
589,0.417950530102763,0.911204639806385
591,0.417950530102763,-0.127660508236431
593,0.417950530102763,-0.127660508236431
594,0.417950530102763,1.01402128599688
600,0.417950530102763,0.949299473751523
602,0.417950530102763,1.01402128599688
606,0.417950530102763,1.01402128599688
618,0.417950530102763,1.01402128599688
621,0.417950530102763,1.01402128599688
624,0.417950530102763,1.01402128599688
626,0.417950530102763,1.01402128599688
627,0.417950530102763,1.01402128599688
628,0.417950530102763,-0.117460002810276
629,0.417950530102763,1.01402128599688
630,0.417950530102763,1.01402128599688
631,0.417950530102763,1.01402128599688
632,0.417950530102763,1.01402128599688
633,0.417950530102763,0.973197482602814
634,0.417950530102763,1.01402128599688
635,0.417950530102763,0.980605734475773
636,0.417950530102763,1.01402128599688
638,0.417950530102763,1.01402128599688
640,0.417950530102763,1.01402128599688
642,0.417950530102763,1.01402128599688
644,0.417950530102763,-0.0353018174181443
646,0.417950530102763,1.01402128599688
647,0.417950530102763,0.916656182977192
648,0.417950530102763,-0.216949914214126
653,0.417950530102763,1.01402128599688
655,0.417950530102763,1.01402128599688
656,0.417950530102763,0.973197482602814
657,0.417950530102763,0.903281773800302
658,0.417950530102763,-0.168020180503788
659,0.417950530102763,1.01402128599688
660,0.417950530102763,1.01402128599688
662,0.417950530102763,1.01402128599688
664,0.417950530102763,0.952531345997727
668,0.417950530102763,1.01402128599688
669,0.417950530102763,1.01402128599688
670,0.417950530102763,1.01402128599688
671,0.417950530102763,1.01402128599688
676,0.417950530102763,0.89065263454637
678,0.417950530102763,1.01402128599688
683,0.417950530102763,0.876397506390333
684,0.417950530102763,1.01402128599688
685,0.417950530102763,1.01402128599688
686,0.417950530102763,1.01402128599688
687,0.417950530102763,1.01402128599688
689,0.417950530102763,1.01402128599688
691,0.417950530102763,1.01402128599688
692,0.417950530102763,-0.152856802088195
694,0.417950530102763,1.01402128599688
696,0.417950530102763,1.01402128599688
699,0.417950530102763,0.878679519335492
700,0.417950530102763,1.01402128599688
701,0.417950530102763,1.01402128599688
705,0.417950530102763,0.955864652380342
706,0.417950530102763,1.01402128599688
708,0.417950530102763,1.01402128599688
710,0.417950530102763,-0.0822179757350909
713,0.417950530102763,0.949299473751523
714,0.417950530102763,1.01402128599688
718,0.417950530102763,1.01402128599688
720,0.417950530102763,1.01402128599688
724,0.417950530102763,1.01402128599688
726,0.417950530102763,0.952531345997727
728,0.417950530102763,1.01402128599688
729,0.417950530102763,1.01402128599688
730,0.417950530102763,1.01402128599688
731,0.417950530102763,1.01402128599688
732,0.417950530102763,-0.0353018174181443
733,0.417950530102763,1.01402128599688
734,0.417950530102763,1.01402128599688
735,0.417950530102763,1.01402128599688
736,0.417950530102763,1.01402128599688
738,0.417950530102763,1.01402128599688
740,0.417950530102763,1.01402128599688
741,0.417950530102763,1.01402128599688
742,0.417950530102763,1.01402128599688
745,0.417950530102763,1.01402128599688
746,0.417950530102763,0.905888733499012
747,0.417950530102763,1.01402128599688
748,0.417950530102763,1.01402128599688
751,0.417950530102763,0.973197482602814
753,0.417950530102763,1.01402128599688
754,0.417950530102763,1.01402128599688
756,0.417950530102763,1.01402128599688
758,0.417950530102763,0.919428515574452
764,0.417950530102763,1.01402128599688
768,0.417950530102763,1.01402128599688
771,0.417950530102763,1.01402128599688
773,0.417950530102763,1.01402128599688
774,0.417950530102763,1.01402128599688
775,0.417950530102763,1.01402128599688
778,0.417950530102763,1.01402128599688
780,0.417950530102763,1.01402128599688
784,0.417950530102763,1.01402128599688
790,0.417950530102763,0.996589752244006
791,0.417950530102763,1.01402128599688
793,0.417950530102763,0.980605734475773
794,0.417950530102763,0.996589752244006
795,0.417950530102763,0.881009306355224
796,0.417950530102763,1.01402128599688
799,0.417950530102763,-0.0852877466601285
800,0.417950530102763,1.00516605822412
803,0.417950530102763,1.01402128599688
805,0.417950530102763,1.01402128599688
809,0.417950530102763,0.874161812978116
812,0.417950530102763,1.01402128599688
813,0.417950530102763,1.01402128599688
816,0.417950530102763,1.01402128599688
817,0.417950530102763,1.01402128599688
818,0.417950530102763,1.01402128599688
820,0.417950530102763,1.01402128599688
824,0.417950530102763,1.01402128599688
825,0.417950530102763,1.00516605822412
828,0.417950530102763,1.01402128599688
830,0.417950530102763,-0.134694636206063
832,0.417950530102763,1.01402128599688
833,0.417950530102763,1.01402128599688
834,0.417950530102763,1.01402128599688
838,0.417950530102763,1.01402128599688
839,0.417950530102763,-0.00223000462489154
840,0.417950530102763,1.01402128599688
841,0.417950530102763,1.01402128599688
842,0.417950530102763,0.992449280298729
843,0.417950530102763,1.01402128599688
844,0.417950530102763,1.01402128599688
845,0.417950530102763,1.01402128599688
846,0.417950530102763,1.01402128599688
847,0.417950530102763,1.01402128599688
848,0.417950530102763,0.9461644750765
850,0.417950530102763,1.01402128599688
2,0.600923355679797,1.01419365922274
8,0.600923355679797,1.01419365922274
11,0.600923355679797,0.990875903387547
12,0.600923355679797,1.01419365922274
15,0.600923355679797,1.01419365922274
22,0.600923355679797,1.01419365922274
24,0.600923355679797,1.01419365922274
29,0.600923355679797,1.01419365922274
34,0.600923355679797,1.01419365922274
37,0.600923355679797,-0.0875649260112823
38,0.600923355679797,1.01419365922274
43,0.600923355679797,1.01419365922274
48,0.600923355679797,1.01419365922274
50,0.600923355679797,1.01419365922274
54,0.600923355679797,0.899550749712745
55,0.600923355679797,1.01419365922274
57,0.600923355679797,1.01419365922274
58,0.600923355679797,1.01419365922274
64,0.600923355679797,-0.0126488261299187
65,0.600923355679797,1.00806954881597
66,0.600923355679797,0.858556368077245
68,0.600923355679797,1.01419365922274
70,0.600923355679797,0.892091480660582
72,0.600923355679797,1.01419365922274
77,0.600923355679797,1.01419365922274
82,0.600923355679797,1.01419365922274
86,0.600923355679797,1.01419365922274
87,0.600923355679797,1.01419365922274
90,0.600923355679797,1.01419365922274
91,0.600923355679797,1.01419365922274
96,0.600923355679797,1.01419365922274
99,0.600923355679797,1.01419365922274
105,0.600923355679797,1.01419365922274
108,0.600923355679797,1.00806954881597
109,0.600923355679797,1.01419365922274
112,0.600923355679797,1.01419365922274
113,0.600923355679797,1.01419365922274
114,0.600923355679797,1.01419365922274
124,0.600923355679797,1.01419365922274
130,0.600923355679797,1.01419365922274
131,0.600923355679797,1.01419365922274
132,0.600923355679797,1.01419365922274
137,0.600923355679797,1.01419365922274
145,0.600923355679797,1.01419365922274
147,0.600923355679797,-0.0749538387125313
148,0.600923355679797,1.01419365922274
150,0.600923355679797,1.01419365922274
152,0.600923355679797,1.01419365922274
157,0.600923355679797,1.01419365922274
158,0.600923355679797,-0.0875649260112823
167,0.600923355679797,0.881426110054349
170,0.600923355679797,1.01419365922274
171,0.600923355679797,1.01419365922274
186,0.600923355679797,0.919887543404229
193,0.600923355679797,-0.198380201319338
194,0.600923355679797,1.01419365922274
198,0.600923355679797,1.01419365922274
199,0.600923355679797,1.01419365922274
208,0.600923355679797,1.01419365922274
210,0.600923355679797,1.01419365922274
211,0.600923355679797,1.01419365922274
217,0.600923355679797,0.980093111034023
219,0.600923355679797,1.01419365922274
220,0.600923355679797,1.01419365922274
221,0.600923355679797,0.899550749712745
222,0.600923355679797,1.01419365922274
224,0.600923355679797,1.01419365922274
228,0.600923355679797,-0.0159474900209204
230,0.600923355679797,1.01419365922274
236,0.600923355679797,-0.174371251067896
248,0.600923355679797,0.996476991954353
249,0.600923355679797,1.01419365922274
250,0.600923355679797,1.01419365922274
257,0.600923355679797,0.996476991954353
261,0.600923355679797,1.01419365922274
263,0.600923355679797,0.878039842621348
265,0.600923355679797,1.01419365922274
270,0.600923355679797,1.01419365922274
271,0.600923355679797,1.01419365922274
274,0.600923355679797,1.01419365922274
276,0.600923355679797,1.01419365922274
277,0.600923355679797,1.01419365922274
282,0.600923355679797,1.01419365922274
284,0.600923355679797,1.01419365922274
288,0.600923355679797,1.01419365922274
294,0.600923355679797,-0.115384239634153
296,0.600923355679797,1.01419365922274
297,0.600923355679797,1.01419365922274
299,0.600923355679797,0.941599881107152
300,0.600923355679797,1.01419365922274
306,0.600923355679797,1.01419365922274
314,0.600923355679797,0.980093111034023
316,0.600923355679797,1.01419365922274
317,0.600923355679797,1.01419365922274
319,0.600923355679797,1.01419365922274
320,0.600923355679797,1.01419365922274
322,0.600923355679797,1.01419365922274
328,0.600923355679797,1.01419365922274
330,0.600923355679797,0.871393096653776
334,0.600923355679797,1.01419365922274
335,0.600923355679797,-0.0126488261299187
336,0.600923355679797,1.01419365922274
341,0.600923355679797,1.01419365922274
342,0.600923355679797,1.01419365922274
343,0.600923355679797,1.01419365922274
344,0.600923355679797,-0.101106568210241
345,0.600923355679797,1.01419365922274
346,0.600923355679797,1.01419365922274
348,0.600923355679797,1.01419365922274
351,0.600923355679797,1.01419365922274
352,0.600923355679797,1.01419365922274
359,0.600923355679797,1.01419365922274
366,0.600923355679797,1.01419365922274
368,0.600923355679797,1.01419365922274
378,0.600923355679797,1.01419365922274
380,0.600923355679797,-0.0477764199117985
384,0.600923355679797,1.01419365922274
385,0.600923355679797,1.01419365922274
389,0.600923355679797,1.01419365922274
391,0.600923355679797,1.01419365922274
393,0.600923355679797,1.01419365922274
394,0.600923355679797,1.01419365922274
396,0.600923355679797,1.01419365922274
400,0.600923355679797,1.01419365922274
405,0.600923355679797,0.888434575843206
407,0.600923355679797,-0.0440761525867117
408,0.600923355679797,1.01419365922274
412,0.600923355679797,1.01419365922274
413,0.600923355679797,1.01419365922274
417,0.600923355679797,1.01419365922274
419,0.600923355679797,1.01419365922274
420,0.600923355679797,1.01419365922274
426,0.600923355679797,1.01419365922274
427,0.600923355679797,1.01419365922274
430,0.600923355679797,1.01419365922274
432,0.600923355679797,1.01419365922274
433,0.600923355679797,1.01419365922274
435,0.600923355679797,0.861678350249548
436,0.600923355679797,0.985381883222004
441,0.600923355679797,1.01419365922274
445,0.600923355679797,0.955441117160035
448,0.600923355679797,1.01419365922274
449,0.600923355679797,1.01419365922274
450,0.600923355679797,1.01419365922274
456,0.600923355679797,0.888434575843206
458,0.600923355679797,1.01419365922274
461,0.600923355679797,1.01419365922274
466,0.600923355679797,1.01419365922274
477,0.600923355679797,1.01419365922274
478,0.600923355679797,1.01419365922274
479,0.600923355679797,-0.120363264958741
482,0.600923355679797,1.01419365922274
485,0.600923355679797,1.01419365922274
489,0.600923355679797,1.01419365922274
492,0.600923355679797,1.01419365922274
494,0.600923355679797,1.01419365922274
495,0.600923355679797,0.888434575843206
497,0.600923355679797,-0.0749538387125313
500,0.600923355679797,1.01419365922274
501,0.600923355679797,1.01419365922274
502,0.600923355679797,1.01419365922274
504,0.600923355679797,1.01419365922274
509,0.600923355679797,0.980093111034023
528,0.600923355679797,1.01419365922274
537,0.600923355679797,0.899550749712745
542,0.600923355679797,1.01419365922274
543,0.600923355679797,1.01419365922274
545,0.600923355679797,-0.115384239634153
546,0.600923355679797,-0.0159474900209204
548,0.600923355679797,1.01419365922274
551,0.600923355679797,1.01419365922274
555,0.600923355679797,0.915725099728093
556,0.600923355679797,1.01419365922274
561,0.600923355679797,1.01419365922274
564,0.600923355679797,-0.0749538387125313
565,0.600923355679797,1.01419365922274
568,0.600923355679797,0.985381883222004
572,0.600923355679797,1.00806954881597
575,0.600923355679797,0.899550749712745
579,0.600923355679797,1.01419365922274
581,0.600923355679797,1.01419365922274
584,0.600923355679797,-0.0790989388733578
586,0.600923355679797,0.861678350249548
594,0.600923355679797,0.899550749712745
602,0.600923355679797,1.01419365922274
606,0.600923355679797,-0.0477764199117985
618,0.600923355679797,-0.0296744424951214
621,0.600923355679797,1.01419365922274
624,0.600923355679797,-0.16294834137986
626,0.600923355679797,1.01419365922274
627,0.600923355679797,0.899550749712745
629,0.600923355679797,1.01419365922274
630,0.600923355679797,1.01419365922274
631,0.600923355679797,1.01419365922274
632,0.600923355679797,1.01419365922274
634,0.600923355679797,-0.019321027125244
636,0.600923355679797,1.01419365922274
638,0.600923355679797,1.01419365922274
640,0.600923355679797,0.861678350249548
642,0.600923355679797,-0.0126488261299187
646,0.600923355679797,1.01419365922274
653,0.600923355679797,0.955441117160035
655,0.600923355679797,1.01419365922274
659,0.600923355679797,1.01419365922274
660,0.600923355679797,-0.157374311211925
662,0.600923355679797,0.899550749712745
668,0.600923355679797,1.01419365922274
669,0.600923355679797,1.01419365922274
670,0.600923355679797,1.01419365922274
671,0.600923355679797,-0.0749538387125313
678,0.600923355679797,1.01419365922274
684,0.600923355679797,0.881426110054349
685,0.600923355679797,1.01419365922274
686,0.600923355679797,1.01419365922274
687,0.600923355679797,-0.101106568210241
689,0.600923355679797,1.01419365922274
691,0.600923355679797,1.01419365922274
694,0.600923355679797,0.980093111034023
696,0.600923355679797,1.01419365922274
700,0.600923355679797,1.01419365922274
701,0.600923355679797,-0.141126592807638
706,0.600923355679797,1.01419365922274
708,0.600923355679797,1.01419365922274
714,0.600923355679797,1.01419365922274
718,0.600923355679797,-0.120363264958741
720,0.600923355679797,1.01419365922274
724,0.600923355679797,1.01419365922274
728,0.600923355679797,1.01419365922274
729,0.600923355679797,1.01419365922274
730,0.600923355679797,1.01419365922274
731,0.600923355679797,1.01419365922274
733,0.600923355679797,0.888434575843206
734,0.600923355679797,1.01419365922274
735,0.600923355679797,1.01419365922274
736,0.600923355679797,1.01419365922274
738,0.600923355679797,-0.0875649260112823
740,0.600923355679797,1.01419365922274
741,0.600923355679797,1.01419365922274
742,0.600923355679797,1.01419365922274
745,0.600923355679797,1.01419365922274
747,0.600923355679797,0.955441117160035
748,0.600923355679797,1.01419365922274
753,0.600923355679797,0.941599881107152
754,0.600923355679797,-0.00311071147854136
756,0.600923355679797,-0.0875649260112823
764,0.600923355679797,0.881426110054349
768,0.600923355679797,1.01419365922274
771,0.600923355679797,-0.101106568210241
773,0.600923355679797,1.01419365922274
774,0.600923355679797,1.00806954881597
775,0.600923355679797,1.01419365922274
778,0.600923355679797,1.01419365922274
780,0.600923355679797,1.01419365922274
784,0.600923355679797,1.01419365922274
791,0.600923355679797,-0.174371251067896
796,0.600923355679797,1.01419365922274
803,0.600923355679797,0.970043281116318
805,0.600923355679797,1.01419365922274
812,0.600923355679797,1.01419365922274
813,0.600923355679797,1.01419365922274
816,0.600923355679797,1.01419365922274
817,0.600923355679797,0.919887543404229
818,0.600923355679797,1.01419365922274
820,0.600923355679797,1.01419365922274
824,0.600923355679797,1.01419365922274
828,0.600923355679797,0.985381883222004
832,0.600923355679797,0.941599881107152
833,0.600923355679797,1.01419365922274
834,0.600923355679797,1.01419365922274
838,0.600923355679797,1.01419365922274
840,0.600923355679797,1.01419365922274
841,0.600923355679797,1.01419365922274
843,0.600923355679797,1.01419365922274
844,0.600923355679797,-0.0296744424951214
845,0.600923355679797,-0.115384239634153
846,0.600923355679797,-0.0875649260112823
847,0.600923355679797,1.01419365922274
850,0.600923355679797,1.01419365922274
2,0.745703736406684,0.991866998111675
8,0.745703736406684,1.01536562920904
12,0.745703736406684,0.93554173939296
15,0.745703736406684,1.01536562920904
22,0.745703736406684,1.01536562920904
24,0.745703736406684,1.01536562920904
29,0.745703736406684,0.916499190104787
34,0.745703736406684,1.01536562920904
38,0.745703736406684,1.01536562920904
43,0.745703736406684,1.01536562920904
48,0.745703736406684,-0.0173265505441123
50,0.745703736406684,1.01536562920904
55,0.745703736406684,1.01536562920904
57,0.745703736406684,1.01536562920904
58,0.745703736406684,1.01536562920904
68,0.745703736406684,1.01536562920904
72,0.745703736406684,1.01536562920904
77,0.745703736406684,-0.0363824851317531
82,0.745703736406684,1.01536562920904
86,0.745703736406684,1.01536562920904
87,0.745703736406684,1.01536562920904
90,0.745703736406684,1.01536562920904
91,0.745703736406684,-0.113096861155952
96,0.745703736406684,-0.0993055888027925
99,0.745703736406684,1.01536562920904
105,0.745703736406684,1.01536562920904
109,0.745703736406684,1.01536562920904
112,0.745703736406684,1.01536562920904
113,0.745703736406684,-0.0173265505441123
114,0.745703736406684,1.01536562920904
124,0.745703736406684,1.01536562920904
130,0.745703736406684,1.01536562920904
131,0.745703736406684,1.01536562920904
132,0.745703736406684,-0.120562490025378
137,0.745703736406684,0.851998829364931
145,0.745703736406684,1.01536562920904
148,0.745703736406684,0.877105903316533
150,0.745703736406684,1.01536562920904
152,0.745703736406684,1.01536562920904
157,0.745703736406684,1.01536562920904
170,0.745703736406684,-0.0993055888027925
171,0.745703736406684,1.01536562920904
194,0.745703736406684,1.01536562920904
198,0.745703736406684,1.01536562920904
199,0.745703736406684,1.01536562920904
208,0.745703736406684,1.01536562920904
210,0.745703736406684,1.01536562920904
211,0.745703736406684,1.01536562920904
219,0.745703736406684,1.01536562920904
220,0.745703736406684,1.01536562920904
222,0.745703736406684,1.01536562920904
224,0.745703736406684,1.01536562920904
230,0.745703736406684,1.01536562920904
249,0.745703736406684,1.01536562920904
250,0.745703736406684,1.01536562920904
261,0.745703736406684,-0.0128933935666851
265,0.745703736406684,0.948809012831362
270,0.745703736406684,1.01536562920904
271,0.745703736406684,0.861655727787223
274,0.745703736406684,1.01536562920904
276,0.745703736406684,-0.0682891315680365
277,0.745703736406684,1.01536562920904
282,0.745703736406684,1.01536562920904
284,0.745703736406684,1.01536562920904
288,0.745703736406684,1.01536562920904
296,0.745703736406684,-0.0219504901875212
297,0.745703736406684,1.01536562920904
300,0.745703736406684,1.01536562920904
306,0.745703736406684,0.9556591462119
316,0.745703736406684,-0.113096861155952
317,0.745703736406684,1.01536562920904
319,0.745703736406684,-0.128234417529796
320,0.745703736406684,1.01536562920904
322,0.745703736406684,0.833839589126029
328,0.745703736406684,1.01536562920904
334,0.745703736406684,1.01536562920904
336,0.745703736406684,1.01536562920904
341,0.745703736406684,1.01536562920904
342,0.745703736406684,1.01536562920904
343,0.745703736406684,1.01536562920904
345,0.745703736406684,1.01536562920904
346,0.745703736406684,0.84735016277159
348,0.745703736406684,1.01536562920904
351,0.745703736406684,-0.128234417529796
352,0.745703736406684,1.01536562920904
359,0.745703736406684,1.01536562920904
366,0.745703736406684,1.01536562920904
368,0.745703736406684,1.01536562920904
378,0.745703736406684,1.01536562920904
384,0.745703736406684,-0.0682891315680365
385,0.745703736406684,0.887904485893301
389,0.745703736406684,1.01536562920904
391,0.745703736406684,1.01536562920904
393,0.745703736406684,1.01536562920904
394,0.745703736406684,1.01536562920904
396,0.745703736406684,0.904775519608677
400,0.745703736406684,1.01536562920904
408,0.745703736406684,1.01536562920904
412,0.745703736406684,1.01536562920904
413,0.745703736406684,1.01536562920904
417,0.745703736406684,1.01536562920904
419,0.745703736406684,1.01536562920904
420,0.745703736406684,1.01536562920904
426,0.745703736406684,1.01536562920904
427,0.745703736406684,0.916499190104787
430,0.745703736406684,1.01536562920904
432,0.745703736406684,1.01536562920904
433,0.745703736406684,1.01536562920904
441,0.745703736406684,1.01536562920904
448,0.745703736406684,-0.0569714895731579
449,0.745703736406684,1.01536562920904
450,0.745703736406684,1.01536562920904
458,0.745703736406684,1.01536562920904
461,0.745703736406684,0.829474986122449
466,0.745703736406684,-0.0464164316448148
477,0.745703736406684,1.01536562920904
478,0.745703736406684,1.01536562920904
482,0.745703736406684,1.01536562920904
485,0.745703736406684,1.01536562920904
489,0.745703736406684,1.01536562920904
492,0.745703736406684,1.01536562920904
494,0.745703736406684,1.01536562920904
500,0.745703736406684,-0.0624970800729727
501,0.745703736406684,1.01536562920904
502,0.745703736406684,-0.0173265505441123
504,0.745703736406684,1.01536562920904
528,0.745703736406684,1.01536562920904
542,0.745703736406684,-0.0464164316448148
543,0.745703736406684,1.01536562920904
548,0.745703736406684,1.01536562920904
551,0.745703736406684,-0.0927559221686352
556,0.745703736406684,-0.113096861155952
561,0.745703736406684,0.861655727787223
565,0.745703736406684,1.01536562920904
579,0.745703736406684,1.01536562920904
581,0.745703736406684,1.01536562920904
602,0.745703736406684,0.829474986122449
621,0.745703736406684,1.01536562920904
626,0.745703736406684,1.01536562920904
629,0.745703736406684,1.01536562920904
630,0.745703736406684,1.01536562920904
631,0.745703736406684,0.916499190104787
632,0.745703736406684,1.01536562920904
636,0.745703736406684,1.01536562920904
638,0.745703736406684,-0.0624970800729727
646,0.745703736406684,1.01536562920904
655,0.745703736406684,1.01536562920904
659,0.745703736406684,1.01536562920904
668,0.745703736406684,1.01536562920904
669,0.745703736406684,1.01536562920904
670,0.745703736406684,-0.106111527774431
678,0.745703736406684,1.01536562920904
685,0.745703736406684,1.01536562920904
686,0.745703736406684,1.01536562920904
689,0.745703736406684,-0.0927559221686352
691,0.745703736406684,1.01536562920904
696,0.745703736406684,1.01536562920904
700,0.745703736406684,0.829474986122449
706,0.745703736406684,1.01536562920904
708,0.745703736406684,1.01536562920904
714,0.745703736406684,1.01536562920904
720,0.745703736406684,1.01536562920904
724,0.745703736406684,0.916499190104787
728,0.745703736406684,1.01536562920904
729,0.745703736406684,-0.0569714895731579
730,0.745703736406684,0.856748415148331
731,0.745703736406684,1.01536562920904
734,0.745703736406684,0.984350582651302
735,0.745703736406684,1.01536562920904
736,0.745703736406684,1.01536562920904
740,0.745703736406684,-0.113096861155952
741,0.745703736406684,-0.0624970800729727
742,0.745703736406684,1.01536562920904
745,0.745703736406684,1.01536562920904
748,0.745703736406684,1.01536562920904
768,0.745703736406684,-0.0927559221686352
773,0.745703736406684,-0.128234417529796
775,0.745703736406684,-0.0516339044709468
778,0.745703736406684,1.01536562920904
780,0.745703736406684,1.01536562920904
784,0.745703736406684,1.01536562920904
796,0.745703736406684,1.01536562920904
805,0.745703736406684,1.01536562920904
812,0.745703736406684,0.856748415148331
813,0.745703736406684,1.01536562920904
816,0.745703736406684,1.01536562920904
818,0.745703736406684,1.01536562920904
820,0.745703736406684,1.01536562920904
824,0.745703736406684,1.01536562920904
833,0.745703736406684,1.01536562920904
834,0.745703736406684,0.871858785758377
838,0.745703736406684,1.01536562920904
840,0.745703736406684,1.01536562920904
841,0.745703736406684,1.01536562920904
843,0.745703736406684,-0.0266745405634765
847,0.745703736406684,1.01536562920904
850,0.745703736406684,1.01536562920904
8,0.887686848451972,1.02813097933578
15,0.887686848451972,1.02813097933578
22,0.887686848451972,1.02813097933578
24,0.887686848451972,1.02813097933578
34,0.887686848451972,0.840985342993221
38,0.887686848451972,1.02813097933578
43,0.887686848451972,1.02813097933578
50,0.887686848451972,-0.0569916462624747
55,0.887686848451972,1.02813097933578
57,0.887686848451972,-0.143857701835174
58,0.887686848451972,1.02813097933578
68,0.887686848451972,1.02813097933578
72,0.887686848451972,1.02813097933578
82,0.887686848451972,-0.0966372266966999
86,0.887686848451972,-0.0641184477644998
87,0.887686848451972,0.809042697031458
90,0.887686848451972,1.02813097933578
99,0.887686848451972,-0.0365867013619408
105,0.887686848451972,1.02813097933578
109,0.887686848451972,1.02813097933578
112,0.887686848451972,0.985539960590245
114,0.887686848451972,1.02813097933578
124,0.887686848451972,1.02813097933578
130,0.887686848451972,1.02813097933578
131,0.887686848451972,0.834024281060991
145,0.887686848451972,1.02813097933578
150,0.887686848451972,0.81486285112743
152,0.887686848451972,-0.114810247117916
157,0.887686848451972,-0.280901777182891
171,0.887686848451972,0.911965406681915
194,0.887686848451972,1.02813097933578
198,0.887686848451972,1.02813097933578
199,0.887686848451972,-0.226146454493545
208,0.887686848451972,0.998708942324299
210,0.887686848451972,1.01308659085811
211,0.887686848451972,1.02813097933578
219,0.887686848451972,1.02813097933578
220,0.887686848451972,1.02813097933578
222,0.887686848451972,1.02813097933578
224,0.887686848451972,1.02813097933578
230,0.887686848451972,1.02813097933578
249,0.887686848451972,0.972918227099782
250,0.887686848451972,0.862883015350263
270,0.887686848451972,1.02813097933578
274,0.887686848451972,0.81486285112743
277,0.887686848451972,0.81486285112743
282,0.887686848451972,1.02813097933578
284,0.887686848451972,-0.295775206700611
288,0.887686848451972,-0.0966372266966999
297,0.887686848451972,1.02813097933578
300,0.887686848451972,1.4210854715202e-14
317,0.887686848451972,-0.0641184477644998
320,0.887686848451972,1.02813097933578
328,0.887686848451972,0.894575706106409
334,0.887686848451972,1.02813097933578
336,0.887686848451972,1.02813097933578
341,0.887686848451972,1.02813097933578
342,0.887686848451972,1.02813097933578
343,0.887686848451972,1.02813097933578
345,0.887686848451972,0.972918227099782
348,0.887686848451972,1.02813097933578
352,0.887686848451972,1.02813097933578
359,0.887686848451972,0.972918227099782
366,0.887686848451972,0.998708942324299
368,0.887686848451972,1.02813097933578
378,0.887686848451972,1.02813097933578
389,0.887686848451972,1.02813097933578
391,0.887686848451972,1.02813097933578
393,0.887686848451972,1.02813097933578
394,0.887686848451972,0.911965406681915
400,0.887686848451972,0.886248011244334
408,0.887686848451972,1.02813097933578
412,0.887686848451972,1.02813097933578
413,0.887686848451972,1.02813097933578
417,0.887686848451972,1.02813097933578
419,0.887686848451972,1.02813097933578
420,0.887686848451972,0.821030087293494
426,0.887686848451972,1.02813097933578
430,0.887686848451972,-0.00577887640736208
432,0.887686848451972,0.972918227099782
433,0.887686848451972,1.02813097933578
441,0.887686848451972,1.02813097933578
449,0.887686848451972,1.02813097933578
450,0.887686848451972,1.02813097933578
458,0.887686848451972,1.02813097933578
477,0.887686848451972,0.998708942324299
478,0.887686848451972,1.02813097933578
482,0.887686848451972,1.02813097933578
485,0.887686848451972,0.921215637797232
489,0.887686848451972,1.02813097933578
492,0.887686848451972,-0.0365867013619408
494,0.887686848451972,1.02813097933578
501,0.887686848451972,1.02813097933578
504,0.887686848451972,-0.143857701835174
528,0.887686848451972,-0.143857701835174
543,0.887686848451972,1.02813097933578
548,0.887686848451972,-0.0717168204130019
565,0.887686848451972,0.921215637797232
579,0.887686848451972,0.921215637797232
581,0.887686848451972,-0.143857701835174
621,0.887686848451972,1.02813097933578
626,0.887686848451972,1.02813097933578
629,0.887686848451972,1.02813097933578
630,0.887686848451972,-0.0880922876208103
632,0.887686848451972,-0.0641184477644998
636,0.887686848451972,0.972918227099782
646,0.887686848451972,1.02813097933578
655,0.887686848451972,1.02813097933578
659,0.887686848451972,1.02813097933578
668,0.887686848451972,-0.239175340677221
669,0.887686848451972,-0.0238812674559199
678,0.887686848451972,1.02813097933578
685,0.887686848451972,0.886248011244334
686,0.887686848451972,-0.0717168204130019
691,0.887686848451972,1.02813097933578
696,0.887686848451972,0.972918227099782
706,0.887686848451972,0.821030087293494
708,0.887686848451972,1.02813097933578
714,0.887686848451972,1.02813097933578
720,0.887686848451972,1.02813097933578
728,0.887686848451972,0.972918227099782
731,0.887686848451972,1.02813097933578
735,0.887686848451972,1.02813097933578
736,0.887686848451972,1.02813097933578
742,0.887686848451972,1.02813097933578
745,0.887686848451972,1.02813097933578
748,0.887686848451972,0.834024281060991
778,0.887686848451972,-0.0717168204130019
780,0.887686848451972,1.02813097933578
784,0.887686848451972,1.02813097933578
796,0.887686848451972,1.02813097933578
805,0.887686848451972,1.02813097933578
813,0.887686848451972,1.02813097933578
816,0.887686848451972,1.02813097933578
818,0.887686848451972,1.02813097933578
820,0.887686848451972,1.02813097933578
824,0.887686848451972,0.834024281060991
833,0.887686848451972,-0.143857701835174
838,0.887686848451972,1.02813097933578
840,0.887686848451972,1.02813097933578
841,0.887686848451972,1.02813097933578
847,0.887686848451972,1.02813097933578
850,0.887686848451972,1.02813097933578
8,1.10778348154292,-0.0890137228184074
15,1.10778348154292,1.03673643407666
22,1.10778348154292,1.03673643407666
24,1.10778348154292,1.03673643407666
38,1.10778348154292,1.03673643407666
43,1.10778348154292,1.03673643407666
55,1.10778348154292,0.769382482325561
58,1.10778348154292,1.03673643407666
68,1.10778348154292,1.03673643407666
72,1.10778348154292,1.03673643407666
90,1.10778348154292,-0.009382713199102
105,1.10778348154292,1.03673643407666
109,1.10778348154292,1.03673643407666
114,1.10778348154292,1.03673643407666
124,1.10778348154292,1.03673643407666
130,1.10778348154292,0.778879618856358
145,1.10778348154292,1.03673643407666
194,1.10778348154292,1.03673643407666
198,1.10778348154292,0.78885606399642
211,1.10778348154292,-0.0750178010541021
219,1.10778348154292,1.03673643407666
220,1.10778348154292,1.03673643407666
222,1.10778348154292,0.799349041059429
224,1.10778348154292,0.876913773273628
230,1.10778348154292,-0.0192359923497918
270,1.10778348154292,1.03673643407666
282,1.10778348154292,1.03673643407666
297,1.10778348154292,1.03673643407666
320,1.10778348154292,1.03673643407666
334,1.10778348154292,1.03673643407666
336,1.10778348154292,-0.151862505168253
341,1.10778348154292,0.892976059678787
342,1.10778348154292,-0.211103530358344
343,1.10778348154292,1.03673643407666
348,1.10778348154292,1.03673643407666
352,1.10778348154292,0.946739899029282
368,1.10778348154292,-0.151862505168253
378,1.10778348154292,0
389,1.10778348154292,1.0122782063531
391,1.10778348154292,1.03673643407666
393,1.10778348154292,1.03673643407666
408,1.10778348154292,-0.0750178010541021
412,1.10778348154292,1.03673643407666
413,1.10778348154292,1.03673643407666
417,1.10778348154292,1.03673643407666
419,1.10778348154292,1.03673643407666
426,1.10778348154292,0
433,1.10778348154292,-0.235091407548765
441,1.10778348154292,1.03673643407666
449,1.10778348154292,1.03673643407666
450,1.10778348154292,1.03673643407666
458,1.10778348154292,1.03673643407666
478,1.10778348154292,1.03673643407666
482,1.10778348154292,0.799349041059429
489,1.10778348154292,1.03673643407666
494,1.10778348154292,-0.0750178010541021
501,1.10778348154292,1.03673643407666
543,1.10778348154292,1.03673643407666
621,1.10778348154292,1.03673643407666
626,1.10778348154292,0.927804011840358
629,1.10778348154292,-0.211103530358344
646,1.10778348154292,0.876913773273628
655,1.10778348154292,0.862708957154609
659,1.10778348154292,-0.211103530358344
678,1.10778348154292,1.03673643407666
691,1.10778348154292,0.876913773273628
708,1.10778348154292,0
714,1.10778348154292,1.03673643407666
720,1.10778348154292,-0.0750178010541021
731,1.10778348154292,1.03673643407666
735,1.10778348154292,1.03673643407666
736,1.10778348154292,1.03673643407666
742,1.10778348154292,1.03673643407666
745,1.10778348154292,0.799349041059429
780,1.10778348154292,1.03673643407666
784,1.10778348154292,1.03673643407666
796,1.10778348154292,1.03673643407666
805,1.10778348154292,0.799349041059429
813,1.10778348154292,0.946739899029282
816,1.10778348154292,1.03673643407666
818,1.10778348154292,1.03673643407666
820,1.10778348154292,1.03673643407666
838,1.10778348154292,-0.135010270251371
840,1.10778348154292,-0.0750178010541021
841,1.10778348154292,-0.170477445116674
847,1.10778348154292,1.03673643407666
850,1.10778348154292,-0.0295961469183368
15,1.27749841876733,0.697730654761905
22,1.27749841876733,1.01940957952497
24,1.27749841876733,1.01940957952497
38,1.27749841876733,-0.0148453330800393
43,1.27749841876733,0.762510290020259
58,1.27749841876733,1.01940957952497
68,1.27749841876733,1.01940957952497
72,1.27749841876733,1.01940957952497
105,1.27749841876733,1.01940957952497
109,1.27749841876733,1.01940957952497
114,1.27749841876733,1.01940957952497
124,1.27749841876733,1.01940957952497
145,1.27749841876733,-0.0527651195727401
194,1.27749841876733,1.01940957952497
219,1.27749841876733,1.01940957952497
220,1.27749841876733,-0.0527651195727401
270,1.27749841876733,1.01940957952497
282,1.27749841876733,-0.0527651195727401
297,1.27749841876733,1.01940957952497
320,1.27749841876733,-0.0148453330800393
334,1.27749841876733,0
343,1.27749841876733,1.01940957952497
348,1.27749841876733,-0.0527651195727401
391,1.27749841876733,0.762510290020259
393,1.27749841876733,0
412,1.27749841876733,-0.0527651195727401
413,1.27749841876733,1.01940957952497
417,1.27749841876733,1.01940957952497
419,1.27749841876733,-0.0148453330800393
441,1.27749841876733,1.01940957952497
449,1.27749841876733,1.01940957952497
450,1.27749841876733,-0.0527651195727401
458,1.27749841876733,1.01940957952497
478,1.27749841876733,-0.0527651195727401
489,1.27749841876733,1.01940957952497
501,1.27749841876733,-0.0527651195727401
543,1.27749841876733,1.01940957952497
621,1.27749841876733,1.01940957952497
678,1.27749841876733,1.01940957952497
714,1.27749841876733,-0.0527651195727401
731,1.27749841876733,1.01940957952497
735,1.27749841876733,-0.0862368372686433
736,1.27749841876733,1.01940957952497
742,1.27749841876733,1.01940957952497
780,1.27749841876733,1.01940957952497
784,1.27749841876733,1.01940957952497
796,1.27749841876733,1.01940957952497
816,1.27749841876733,1.01940957952497
818,1.27749841876733,1.01940957952497
820,1.27749841876733,-0.0148453330800393
847,1.27749841876733,0.984858129000166
